{"cameraMode":{"drawMode":0,"name":"Shaded","section":"Shading Mode"},"sceneLighting":true,"audioPlay":false,"sceneViewState":{"showFog":true,"showMaterialUpdate":false,"showSkybox":true,"showFlares":true,"showImageEffects":true,"showParticleSystems":true},"in2DMode":false,"pivot":{"x":4.920793533325195,"y":2.408839702606201,"z":12.102627754211426},"rotation":{"x":0.08257050067186356,"y":-0.5532952547073364,"z":0.05522838607430458,"w":0.8270708918571472},"size":22.0,"orthographic":true}